Person,variable,value
1,Q1,B
2,Q1,B
3,Q1,B
4,Q1,A
5,Q1,B
6,Q1,C
7,Q1,C
8,Q1,B
9,Q1,B
10,Q1,B
11,Q1,A
12,Q1,B
13,Q1,A
14,Q1,C
15,Q1,C
16,Q1,A
17,Q1,A
18,Q1,B
19,Q1,B
20,Q1,A
21,Q1,C
22,Q1,B
23,Q1,A
24,Q1,A
25,Q1,B
26,Q1,A
27,Q1,A
28,Q1,B
29,Q1,C
30,Q1,C
31,Q1,B
32,Q1,C
33,Q1,B
34,Q1,C
35,Q1,A
36,Q1,B
37,Q1,B
38,Q1,C
39,Q1,A
40,Q1,C
41,Q1,A
42,Q1,A
43,Q1,A
44,Q1,B
45,Q1,C
46,Q1,C
47,Q1,A
48,Q1,B
49,Q1,C
50,Q1,B
51,Q1,B
52,Q1,A
53,Q1,C
54,Q1,A
55,Q1,A
56,Q1,C
57,Q1,B
58,Q1,C
59,Q1,B
60,Q1,B
61,Q1,C
62,Q1,C
63,Q1,B
64,Q1,A
65,Q1,B
66,Q1,C
67,Q1,B
68,Q1,A
69,Q1,B
70,Q1,B
71,Q1,B
72,Q1,C
73,Q1,B
74,Q1,B
75,Q1,A
76,Q1,C
77,Q1,C
78,Q1,C
79,Q1,B
80,Q1,B
81,Q1,B
82,Q1,A
83,Q1,B
84,Q1,B
85,Q1,C
86,Q1,B
87,Q1,C
88,Q1,C
89,Q1,C
90,Q1,B
91,Q1,A
92,Q1,A
93,Q1,B
94,Q1,B
95,Q1,A
96,Q1,A
97,Q1,C
98,Q1,A
99,Q1,C
100,Q1,B
101,Q1,B
102,Q1,C
103,Q1,A
104,Q1,A
105,Q1,C
106,Q1,C
107,Q1,B
108,Q1,C
109,Q1,B
110,Q1,C
111,Q1,A
112,Q1,C
113,Q1,A
114,Q1,C
115,Q1,B
116,Q1,C
117,Q1,A
118,Q1,A
119,Q1,A
120,Q1,A
121,Q1,B
122,Q1,B
123,Q1,B
124,Q1,A
125,Q1,B
126,Q1,C
127,Q1,C
128,Q1,A
129,Q1,A
130,Q1,B
131,Q1,C
132,Q1,A
133,Q1,B
134,Q1,C
135,Q1,B
136,Q1,B
137,Q1,C
138,Q1,A
139,Q1,C
140,Q1,C
141,Q1,B
142,Q1,A
143,Q1,B
144,Q1,B
145,Q1,B
146,Q1,A
147,Q1,A
148,Q1,B
149,Q1,B
150,Q1,A
151,Q1,A
152,Q1,C
153,Q1,C
154,Q1,B
155,Q1,C
156,Q1,B
157,Q1,A
158,Q1,C
159,Q1,B
160,Q1,A
161,Q1,B
162,Q1,A
163,Q1,C
164,Q1,B
165,Q1,A
166,Q1,B
167,Q1,B
168,Q1,C
169,Q1,C
170,Q1,B
171,Q1,B
172,Q1,B
173,Q1,B
174,Q1,B
175,Q1,B
176,Q1,B
177,Q1,B
178,Q1,C
179,Q1,C
180,Q1,C
181,Q1,C
182,Q1,B
183,Q1,B
184,Q1,C
185,Q1,C
186,Q1,B
187,Q1,B
188,Q1,A
189,Q1,B
190,Q1,A
191,Q1,B
192,Q1,B
193,Q1,B
194,Q1,B
195,Q1,C
196,Q1,C
197,Q1,B
198,Q1,C
199,Q1,B
200,Q1,B
201,Q1,C
202,Q1,A
203,Q1,B
204,Q1,B
205,Q1,B
206,Q1,A
207,Q1,A
208,Q1,A
209,Q1,C
210,Q1,B
211,Q1,C
212,Q1,A
213,Q1,C
214,Q1,C
215,Q1,B
216,Q1,B
217,Q1,B
218,Q1,C
219,Q1,A
220,Q1,A
221,Q1,A
222,Q1,C
223,Q1,B
224,Q1,C
225,Q1,B
226,Q1,A
227,Q1,A
228,Q1,A
229,Q1,B
230,Q1,B
231,Q1,C
232,Q1,A
233,Q1,B
234,Q1,B
235,Q1,C
236,Q1,A
237,Q1,A
238,Q1,C
239,Q1,C
240,Q1,B
241,Q1,C
242,Q1,C
243,Q1,C
244,Q1,B
245,Q1,A
246,Q1,B
247,Q1,B
248,Q1,B
249,Q1,A
250,Q1,A
251,Q1,C
252,Q1,C
253,Q1,A
254,Q1,A
255,Q1,C
256,Q1,B
257,Q1,B
258,Q1,B
259,Q1,A
260,Q1,C
261,Q1,B
262,Q1,C
263,Q1,A
264,Q1,A
265,Q1,C
266,Q1,B
267,Q1,A
268,Q1,B
269,Q1,C
270,Q1,B
271,Q1,A
272,Q1,A
273,Q1,A
274,Q1,A
275,Q1,C
276,Q1,B
277,Q1,B
278,Q1,B
279,Q1,B
280,Q1,A
281,Q1,A
282,Q1,B
283,Q1,B
284,Q1,B
285,Q1,C
286,Q1,B
287,Q1,B
288,Q1,C
289,Q1,B
290,Q1,C
291,Q1,C
292,Q1,A
293,Q1,B
294,Q1,B
295,Q1,A
296,Q1,B
297,Q1,C
298,Q1,C
299,Q1,C
300,Q1,C
301,Q1,A
302,Q1,C
303,Q1,C
304,Q1,A
305,Q1,B
306,Q1,B
307,Q1,C
308,Q1,B
309,Q1,C
310,Q1,C
311,Q1,A
312,Q1,B
313,Q1,B
314,Q1,A
315,Q1,A
316,Q1,B
317,Q1,A
318,Q1,A
319,Q1,B
320,Q1,B
321,Q1,C
322,Q1,B
323,Q1,A
324,Q1,B
325,Q1,B
326,Q1,B
327,Q1,C
328,Q1,B
329,Q1,C
330,Q1,C
331,Q1,A
332,Q1,C
333,Q1,C
334,Q1,A
335,Q1,C
336,Q1,A
337,Q1,A
338,Q1,B
339,Q1,B
340,Q1,C
341,Q1,A
342,Q1,A
343,Q1,C
344,Q1,C
345,Q1,B
346,Q1,A
347,Q1,C
348,Q1,B
349,Q1,B
350,Q1,C
351,Q1,A
352,Q1,A
353,Q1,B
354,Q1,C
355,Q1,A
356,Q1,B
357,Q1,B
358,Q1,C
359,Q1,B
360,Q1,B
361,Q1,C
362,Q1,A
363,Q1,A
364,Q1,B
365,Q1,A
366,Q1,A
367,Q1,B
368,Q1,B
369,Q1,C
370,Q1,C
371,Q1,B
372,Q1,C
373,Q1,C
374,Q1,C
375,Q1,A
376,Q1,A
377,Q1,A
378,Q1,A
379,Q1,B
380,Q1,C
381,Q1,B
382,Q1,A
383,Q1,B
384,Q1,C
385,Q1,A
386,Q1,B
387,Q1,B
388,Q1,B
389,Q1,B
390,Q1,C
391,Q1,B
392,Q1,A
393,Q1,B
394,Q1,A
395,Q1,B
396,Q1,C
397,Q1,B
398,Q1,A
399,Q1,B
400,Q1,A
401,Q1,B
402,Q1,B
403,Q1,A
404,Q1,B
405,Q1,C
406,Q1,B
407,Q1,A
408,Q1,A
409,Q1,A
410,Q1,A
411,Q1,A
412,Q1,C
413,Q1,B
414,Q1,B
415,Q1,A
416,Q1,A
417,Q1,B
418,Q1,C
419,Q1,A
420,Q1,C
421,Q1,B
422,Q1,A
423,Q1,C
424,Q1,C
425,Q1,A
426,Q1,A
427,Q1,B
428,Q1,C
429,Q1,B
430,Q1,B
431,Q1,B
432,Q1,B
433,Q1,A
434,Q1,B
435,Q1,B
436,Q1,C
437,Q1,C
438,Q1,A
439,Q1,A
440,Q1,B
441,Q1,C
442,Q1,A
443,Q1,B
444,Q1,A
445,Q1,C
446,Q1,C
447,Q1,B
448,Q1,B
449,Q1,A
450,Q1,A
451,Q1,A
452,Q1,B
453,Q1,A
454,Q1,C
455,Q1,C
456,Q1,C
457,Q1,B
458,Q1,B
459,Q1,B
460,Q1,B
461,Q1,A
462,Q1,C
463,Q1,A
464,Q1,A
465,Q1,A
466,Q1,C
467,Q1,A
468,Q1,C
469,Q1,B
470,Q1,A
471,Q1,B
472,Q1,B
473,Q1,B
474,Q1,A
475,Q1,B
476,Q1,B
477,Q1,C
478,Q1,B
479,Q1,B
480,Q1,A
481,Q1,A
482,Q1,B
483,Q1,C
484,Q1,C
485,Q1,A
486,Q1,B
487,Q1,A
488,Q1,C
489,Q1,C
490,Q1,C
491,Q1,A
492,Q1,A
493,Q1,B
494,Q1,B
495,Q1,A
496,Q1,A
497,Q1,C
498,Q1,B
499,Q1,A
500,Q1,B
1,Q2,A
2,Q2,C
3,Q2,C
4,Q2,B
5,Q2,A
6,Q2,B
7,Q2,A
8,Q2,B
9,Q2,B
10,Q2,B
11,Q2,A
12,Q2,B
13,Q2,C
14,Q2,B
15,Q2,B
16,Q2,B
17,Q2,B
18,Q2,B
19,Q2,C
20,Q2,C
21,Q2,C
22,Q2,B
23,Q2,A
24,Q2,A
25,Q2,B
26,Q2,A
27,Q2,B
28,Q2,C
29,Q2,A
30,Q2,A
31,Q2,A
32,Q2,C
33,Q2,C
34,Q2,B
35,Q2,B
36,Q2,A
37,Q2,B
38,Q2,A
39,Q2,A
40,Q2,A
41,Q2,C
42,Q2,A
43,Q2,C
44,Q2,B
45,Q2,C
46,Q2,C
47,Q2,C
48,Q2,A
49,Q2,A
50,Q2,C
51,Q2,B
52,Q2,B
53,Q2,C
54,Q2,B
55,Q2,B
56,Q2,A
57,Q2,B
58,Q2,C
59,Q2,A
60,Q2,B
61,Q2,A
62,Q2,B
63,Q2,A
64,Q2,C
65,Q2,A
66,Q2,B
67,Q2,B
68,Q2,B
69,Q2,A
70,Q2,B
71,Q2,C
72,Q2,C
73,Q2,C
74,Q2,B
75,Q2,A
76,Q2,B
77,Q2,A
78,Q2,C
79,Q2,B
80,Q2,A
81,Q2,A
82,Q2,A
83,Q2,B
84,Q2,A
85,Q2,B
86,Q2,B
87,Q2,A
88,Q2,C
89,Q2,A
90,Q2,B
91,Q2,A
92,Q2,B
93,Q2,B
94,Q2,C
95,Q2,C
96,Q2,B
97,Q2,C
98,Q2,B
99,Q2,A
100,Q2,A
101,Q2,B
102,Q2,A
103,Q2,B
104,Q2,C
105,Q2,A
106,Q2,B
107,Q2,B
108,Q2,A
109,Q2,B
110,Q2,B
111,Q2,B
112,Q2,B
113,Q2,A
114,Q2,C
115,Q2,B
116,Q2,A
117,Q2,C
118,Q2,A
119,Q2,C
120,Q2,A
121,Q2,C
122,Q2,B
123,Q2,B
124,Q2,B
125,Q2,A
126,Q2,B
127,Q2,B
128,Q2,B
129,Q2,A
130,Q2,B
131,Q2,A
132,Q2,B
133,Q2,A
134,Q2,B
135,Q2,C
136,Q2,A
137,Q2,A
138,Q2,C
139,Q2,B
140,Q2,A
141,Q2,C
142,Q2,A
143,Q2,A
144,Q2,C
145,Q2,A
146,Q2,A
147,Q2,C
148,Q2,B
149,Q2,C
150,Q2,B
151,Q2,A
152,Q2,A
153,Q2,A
154,Q2,A
155,Q2,B
156,Q2,C
157,Q2,C
158,Q2,C
159,Q2,B
160,Q2,B
161,Q2,C
162,Q2,C
163,Q2,B
164,Q2,B
165,Q2,A
166,Q2,C
167,Q2,A
168,Q2,A
169,Q2,B
170,Q2,B
171,Q2,C
172,Q2,C
173,Q2,C
174,Q2,A
175,Q2,B
176,Q2,C
177,Q2,B
178,Q2,C
179,Q2,A
180,Q2,A
181,Q2,B
182,Q2,B
183,Q2,C
184,Q2,A
185,Q2,B
186,Q2,C
187,Q2,C
188,Q2,C
189,Q2,C
190,Q2,C
191,Q2,C
192,Q2,B
193,Q2,C
194,Q2,C
195,Q2,A
196,Q2,C
197,Q2,A
198,Q2,A
199,Q2,A
200,Q2,A
201,Q2,C
202,Q2,A
203,Q2,B
204,Q2,B
205,Q2,B
206,Q2,A
207,Q2,B
208,Q2,A
209,Q2,B
210,Q2,B
211,Q2,C
212,Q2,A
213,Q2,B
214,Q2,B
215,Q2,C
216,Q2,A
217,Q2,A
218,Q2,C
219,Q2,B
220,Q2,C
221,Q2,A
222,Q2,A
223,Q2,A
224,Q2,C
225,Q2,A
226,Q2,B
227,Q2,C
228,Q2,B
229,Q2,B
230,Q2,C
231,Q2,A
232,Q2,B
233,Q2,A
234,Q2,C
235,Q2,B
236,Q2,B
237,Q2,C
238,Q2,A
239,Q2,C
240,Q2,B
241,Q2,B
242,Q2,C
243,Q2,A
244,Q2,C
245,Q2,C
246,Q2,B
247,Q2,B
248,Q2,C
249,Q2,A
250,Q2,B
251,Q2,A
252,Q2,C
253,Q2,B
254,Q2,A
255,Q2,B
256,Q2,B
257,Q2,A
258,Q2,A
259,Q2,A
260,Q2,C
261,Q2,B
262,Q2,A
263,Q2,B
264,Q2,B
265,Q2,A
266,Q2,C
267,Q2,C
268,Q2,C
269,Q2,A
270,Q2,A
271,Q2,B
272,Q2,B
273,Q2,A
274,Q2,A
275,Q2,C
276,Q2,C
277,Q2,A
278,Q2,A
279,Q2,B
280,Q2,B
281,Q2,B
282,Q2,B
283,Q2,A
284,Q2,A
285,Q2,A
286,Q2,A
287,Q2,B
288,Q2,C
289,Q2,B
290,Q2,B
291,Q2,B
292,Q2,A
293,Q2,B
294,Q2,B
295,Q2,C
296,Q2,A
297,Q2,A
298,Q2,C
299,Q2,B
300,Q2,B
301,Q2,C
302,Q2,B
303,Q2,A
304,Q2,A
305,Q2,B
306,Q2,A
307,Q2,A
308,Q2,A
309,Q2,C
310,Q2,A
311,Q2,C
312,Q2,B
313,Q2,B
314,Q2,B
315,Q2,B
316,Q2,B
317,Q2,C
318,Q2,B
319,Q2,A
320,Q2,C
321,Q2,B
322,Q2,B
323,Q2,C
324,Q2,C
325,Q2,B
326,Q2,C
327,Q2,B
328,Q2,B
329,Q2,A
330,Q2,B
331,Q2,C
332,Q2,B
333,Q2,A
334,Q2,C
335,Q2,C
336,Q2,A
337,Q2,A
338,Q2,C
339,Q2,B
340,Q2,C
341,Q2,C
342,Q2,C
343,Q2,B
344,Q2,B
345,Q2,A
346,Q2,C
347,Q2,A
348,Q2,C
349,Q2,B
350,Q2,B
351,Q2,B
352,Q2,A
353,Q2,A
354,Q2,B
355,Q2,A
356,Q2,C
357,Q2,B
358,Q2,B
359,Q2,C
360,Q2,C
361,Q2,B
362,Q2,C
363,Q2,A
364,Q2,C
365,Q2,B
366,Q2,B
367,Q2,A
368,Q2,C
369,Q2,A
370,Q2,C
371,Q2,A
372,Q2,C
373,Q2,A
374,Q2,B
375,Q2,C
376,Q2,B
377,Q2,C
378,Q2,A
379,Q2,B
380,Q2,A
381,Q2,C
382,Q2,C
383,Q2,A
384,Q2,B
385,Q2,C
386,Q2,B
387,Q2,A
388,Q2,B
389,Q2,B
390,Q2,B
391,Q2,A
392,Q2,C
393,Q2,B
394,Q2,B
395,Q2,C
396,Q2,C
397,Q2,B
398,Q2,B
399,Q2,A
400,Q2,C
401,Q2,B
402,Q2,B
403,Q2,C
404,Q2,B
405,Q2,B
406,Q2,C
407,Q2,C
408,Q2,A
409,Q2,A
410,Q2,C
411,Q2,B
412,Q2,A
413,Q2,C
414,Q2,B
415,Q2,B
416,Q2,B
417,Q2,B
418,Q2,C
419,Q2,A
420,Q2,B
421,Q2,B
422,Q2,C
423,Q2,B
424,Q2,A
425,Q2,C
426,Q2,C
427,Q2,C
428,Q2,B
429,Q2,B
430,Q2,C
431,Q2,A
432,Q2,B
433,Q2,B
434,Q2,C
435,Q2,A
436,Q2,C
437,Q2,B
438,Q2,B
439,Q2,A
440,Q2,B
441,Q2,B
442,Q2,B
443,Q2,C
444,Q2,A
445,Q2,A
446,Q2,C
447,Q2,C
448,Q2,C
449,Q2,C
450,Q2,B
451,Q2,B
452,Q2,B
453,Q2,A
454,Q2,A
455,Q2,A
456,Q2,C
457,Q2,B
458,Q2,C
459,Q2,C
460,Q2,B
461,Q2,B
462,Q2,B
463,Q2,B
464,Q2,B
465,Q2,B
466,Q2,C
467,Q2,C
468,Q2,B
469,Q2,A
470,Q2,C
471,Q2,A
472,Q2,C
473,Q2,B
474,Q2,A
475,Q2,C
476,Q2,B
477,Q2,A
478,Q2,B
479,Q2,C
480,Q2,C
481,Q2,C
482,Q2,C
483,Q2,B
484,Q2,A
485,Q2,B
486,Q2,B
487,Q2,B
488,Q2,A
489,Q2,B
490,Q2,A
491,Q2,B
492,Q2,B
493,Q2,A
494,Q2,A
495,Q2,C
496,Q2,A
497,Q2,C
498,Q2,C
499,Q2,B
500,Q2,A
1,Q3,C
2,Q3,B
3,Q3,B
4,Q3,C
5,Q3,A
6,Q3,B
7,Q3,B
8,Q3,A
9,Q3,B
10,Q3,A
11,Q3,B
12,Q3,A
13,Q3,B
14,Q3,B
15,Q3,B
16,Q3,B
17,Q3,B
18,Q3,A
19,Q3,A
20,Q3,B
21,Q3,B
22,Q3,A
23,Q3,B
24,Q3,B
25,Q3,A
26,Q3,A
27,Q3,A
28,Q3,C
29,Q3,C
30,Q3,B
31,Q3,B
32,Q3,A
33,Q3,C
34,Q3,C
35,Q3,C
36,Q3,A
37,Q3,A
38,Q3,C
39,Q3,C
40,Q3,B
41,Q3,B
42,Q3,A
43,Q3,C
44,Q3,C
45,Q3,C
46,Q3,C
47,Q3,A
48,Q3,A
49,Q3,C
50,Q3,C
51,Q3,C
52,Q3,B
53,Q3,C
54,Q3,A
55,Q3,C
56,Q3,A
57,Q3,C
58,Q3,A
59,Q3,A
60,Q3,B
61,Q3,C
62,Q3,A
63,Q3,C
64,Q3,B
65,Q3,C
66,Q3,A
67,Q3,B
68,Q3,A
69,Q3,B
70,Q3,A
71,Q3,C
72,Q3,A
73,Q3,B
74,Q3,C
75,Q3,C
76,Q3,C
77,Q3,B
78,Q3,C
79,Q3,A
80,Q3,B
81,Q3,C
82,Q3,C
83,Q3,B
84,Q3,B
85,Q3,C
86,Q3,A
87,Q3,B
88,Q3,B
89,Q3,C
90,Q3,B
91,Q3,B
92,Q3,C
93,Q3,B
94,Q3,B
95,Q3,B
96,Q3,C
97,Q3,B
98,Q3,A
99,Q3,C
100,Q3,A
101,Q3,C
102,Q3,B
103,Q3,B
104,Q3,B
105,Q3,B
106,Q3,A
107,Q3,C
108,Q3,A
109,Q3,A
110,Q3,C
111,Q3,C
112,Q3,C
113,Q3,C
114,Q3,C
115,Q3,C
116,Q3,C
117,Q3,C
118,Q3,A
119,Q3,C
120,Q3,C
121,Q3,B
122,Q3,A
123,Q3,C
124,Q3,C
125,Q3,B
126,Q3,C
127,Q3,B
128,Q3,A
129,Q3,B
130,Q3,A
131,Q3,A
132,Q3,A
133,Q3,B
134,Q3,A
135,Q3,C
136,Q3,A
137,Q3,B
138,Q3,B
139,Q3,B
140,Q3,B
141,Q3,B
142,Q3,A
143,Q3,A
144,Q3,A
145,Q3,A
146,Q3,B
147,Q3,B
148,Q3,C
149,Q3,B
150,Q3,C
151,Q3,A
152,Q3,B
153,Q3,B
154,Q3,B
155,Q3,C
156,Q3,A
157,Q3,A
158,Q3,B
159,Q3,A
160,Q3,C
161,Q3,B
162,Q3,C
163,Q3,B
164,Q3,B
165,Q3,C
166,Q3,A
167,Q3,A
168,Q3,C
169,Q3,A
170,Q3,C
171,Q3,B
172,Q3,B
173,Q3,B
174,Q3,B
175,Q3,C
176,Q3,B
177,Q3,B
178,Q3,B
179,Q3,A
180,Q3,B
181,Q3,A
182,Q3,C
183,Q3,B
184,Q3,C
185,Q3,B
186,Q3,A
187,Q3,C
188,Q3,C
189,Q3,B
190,Q3,B
191,Q3,A
192,Q3,A
193,Q3,B
194,Q3,B
195,Q3,B
196,Q3,B
197,Q3,A
198,Q3,B
199,Q3,C
200,Q3,C
201,Q3,B
202,Q3,A
203,Q3,B
204,Q3,B
205,Q3,A
206,Q3,A
207,Q3,A
208,Q3,A
209,Q3,C
210,Q3,B
211,Q3,A
212,Q3,B
213,Q3,B
214,Q3,B
215,Q3,B
216,Q3,A
217,Q3,A
218,Q3,B
219,Q3,B
220,Q3,B
221,Q3,B
222,Q3,C
223,Q3,B
224,Q3,A
225,Q3,C
226,Q3,A
227,Q3,A
228,Q3,B
229,Q3,C
230,Q3,B
231,Q3,B
232,Q3,B
233,Q3,B
234,Q3,B
235,Q3,A
236,Q3,A
237,Q3,A
238,Q3,A
239,Q3,B
240,Q3,A
241,Q3,A
242,Q3,A
243,Q3,A
244,Q3,C
245,Q3,B
246,Q3,B
247,Q3,C
248,Q3,A
249,Q3,A
250,Q3,C
251,Q3,B
252,Q3,B
253,Q3,B
254,Q3,C
255,Q3,A
256,Q3,C
257,Q3,A
258,Q3,B
259,Q3,A
260,Q3,A
261,Q3,C
262,Q3,C
263,Q3,A
264,Q3,B
265,Q3,C
266,Q3,C
267,Q3,A
268,Q3,B
269,Q3,B
270,Q3,B
271,Q3,A
272,Q3,B
273,Q3,B
274,Q3,A
275,Q3,C
276,Q3,A
277,Q3,B
278,Q3,C
279,Q3,B
280,Q3,C
281,Q3,C
282,Q3,C
283,Q3,A
284,Q3,B
285,Q3,B
286,Q3,B
287,Q3,A
288,Q3,C
289,Q3,C
290,Q3,C
291,Q3,A
292,Q3,C
293,Q3,B
294,Q3,B
295,Q3,A
296,Q3,C
297,Q3,B
298,Q3,C
299,Q3,B
300,Q3,A
301,Q3,C
302,Q3,B
303,Q3,B
304,Q3,B
305,Q3,B
306,Q3,B
307,Q3,B
308,Q3,B
309,Q3,C
310,Q3,B
311,Q3,B
312,Q3,C
313,Q3,A
314,Q3,C
315,Q3,B
316,Q3,C
317,Q3,C
318,Q3,B
319,Q3,B
320,Q3,B
321,Q3,A
322,Q3,C
323,Q3,C
324,Q3,B
325,Q3,B
326,Q3,B
327,Q3,B
328,Q3,C
329,Q3,A
330,Q3,C
331,Q3,A
332,Q3,B
333,Q3,A
334,Q3,C
335,Q3,A
336,Q3,B
337,Q3,A
338,Q3,C
339,Q3,A
340,Q3,B
341,Q3,C
342,Q3,C
343,Q3,C
344,Q3,B
345,Q3,A
346,Q3,A
347,Q3,A
348,Q3,B
349,Q3,B
350,Q3,A
351,Q3,B
352,Q3,B
353,Q3,A
354,Q3,B
355,Q3,A
356,Q3,A
357,Q3,C
358,Q3,A
359,Q3,B
360,Q3,C
361,Q3,A
362,Q3,B
363,Q3,B
364,Q3,A
365,Q3,A
366,Q3,B
367,Q3,C
368,Q3,C
369,Q3,B
370,Q3,A
371,Q3,B
372,Q3,A
373,Q3,B
374,Q3,C
375,Q3,A
376,Q3,B
377,Q3,B
378,Q3,B
379,Q3,B
380,Q3,C
381,Q3,C
382,Q3,A
383,Q3,A
384,Q3,B
385,Q3,B
386,Q3,A
387,Q3,A
388,Q3,A
389,Q3,B
390,Q3,C
391,Q3,B
392,Q3,C
393,Q3,B
394,Q3,B
395,Q3,B
396,Q3,B
397,Q3,C
398,Q3,A
399,Q3,B
400,Q3,A
401,Q3,C
402,Q3,B
403,Q3,B
404,Q3,B
405,Q3,B
406,Q3,B
407,Q3,B
408,Q3,A
409,Q3,B
410,Q3,A
411,Q3,C
412,Q3,B
413,Q3,B
414,Q3,B
415,Q3,B
416,Q3,A
417,Q3,B
418,Q3,A
419,Q3,B
420,Q3,C
421,Q3,C
422,Q3,B
423,Q3,B
424,Q3,B
425,Q3,B
426,Q3,C
427,Q3,A
428,Q3,B
429,Q3,B
430,Q3,B
431,Q3,B
432,Q3,B
433,Q3,A
434,Q3,A
435,Q3,A
436,Q3,C
437,Q3,C
438,Q3,C
439,Q3,B
440,Q3,B
441,Q3,B
442,Q3,B
443,Q3,B
444,Q3,A
445,Q3,A
446,Q3,A
447,Q3,A
448,Q3,B
449,Q3,B
450,Q3,A
451,Q3,C
452,Q3,B
453,Q3,C
454,Q3,A
455,Q3,C
456,Q3,C
457,Q3,C
458,Q3,C
459,Q3,A
460,Q3,B
461,Q3,C
462,Q3,A
463,Q3,A
464,Q3,A
465,Q3,B
466,Q3,B
467,Q3,B
468,Q3,A
469,Q3,A
470,Q3,C
471,Q3,A
472,Q3,C
473,Q3,A
474,Q3,C
475,Q3,C
476,Q3,B
477,Q3,B
478,Q3,B
479,Q3,B
480,Q3,A
481,Q3,A
482,Q3,A
483,Q3,A
484,Q3,C
485,Q3,A
486,Q3,B
487,Q3,B
488,Q3,C
489,Q3,C
490,Q3,C
491,Q3,C
492,Q3,B
493,Q3,B
494,Q3,A
495,Q3,A
496,Q3,B
497,Q3,C
498,Q3,C
499,Q3,B
500,Q3,A
1,Q4,A
2,Q4,A
3,Q4,A
4,Q4,A
5,Q4,A
6,Q4,B
7,Q4,B
8,Q4,B
9,Q4,A
10,Q4,B
11,Q4,B
12,Q4,B
13,Q4,A
14,Q4,A
15,Q4,B
16,Q4,A
17,Q4,A
18,Q4,A
19,Q4,A
20,Q4,A
21,Q4,A
22,Q4,A
23,Q4,A
24,Q4,A
25,Q4,A
26,Q4,A
27,Q4,B
28,Q4,A
29,Q4,A
30,Q4,B
31,Q4,A
32,Q4,A
33,Q4,A
34,Q4,A
35,Q4,A
36,Q4,A
37,Q4,A
38,Q4,A
39,Q4,A
40,Q4,A
41,Q4,A
42,Q4,A
43,Q4,A
44,Q4,A
45,Q4,A
46,Q4,B
47,Q4,A
48,Q4,A
49,Q4,A
50,Q4,A
51,Q4,A
52,Q4,A
53,Q4,A
54,Q4,A
55,Q4,A
56,Q4,A
57,Q4,A
58,Q4,A
59,Q4,A
60,Q4,A
61,Q4,A
62,Q4,A
63,Q4,A
64,Q4,B
65,Q4,A
66,Q4,A
67,Q4,B
68,Q4,A
69,Q4,A
70,Q4,A
71,Q4,A
72,Q4,C
73,Q4,B
74,Q4,C
75,Q4,C
76,Q4,C
77,Q4,C
78,Q4,C
79,Q4,B
80,Q4,B
81,Q4,C
82,Q4,C
83,Q4,B
84,Q4,C
85,Q4,C
86,Q4,B
87,Q4,C
88,Q4,C
89,Q4,C
90,Q4,C
91,Q4,B
92,Q4,B
93,Q4,C
94,Q4,B
95,Q4,C
96,Q4,B
97,Q4,C
98,Q4,C
99,Q4,C
100,Q4,C
101,Q4,C
102,Q4,C
103,Q4,C
104,Q4,C
105,Q4,C
106,Q4,B
107,Q4,B
108,Q4,B
109,Q4,C
110,Q4,C
111,Q4,C
112,Q4,C
113,Q4,C
114,Q4,B
115,Q4,C
116,Q4,C
117,Q4,B
118,Q4,C
119,Q4,C
120,Q4,C
121,Q4,C
122,Q4,C
123,Q4,C
124,Q4,B
125,Q4,B
126,Q4,C
127,Q4,C
128,Q4,B
129,Q4,C
130,Q4,C
131,Q4,C
132,Q4,C
133,Q4,C
134,Q4,C
135,Q4,C
136,Q4,C
137,Q4,B
138,Q4,C
139,Q4,B
140,Q4,C
141,Q4,C
142,Q4,C
143,Q4,B
144,Q4,B
145,Q4,C
146,Q4,C
147,Q4,C
148,Q4,B
149,Q4,C
150,Q4,C
151,Q4,C
152,Q4,C
153,Q4,B
154,Q4,C
155,Q4,C
156,Q4,C
157,Q4,C
158,Q4,B
159,Q4,C
160,Q4,C
161,Q4,C
162,Q4,C
163,Q4,C
164,Q4,C
165,Q4,C
166,Q4,C
167,Q4,C
168,Q4,B
169,Q4,C
170,Q4,B
171,Q4,C
172,Q4,B
173,Q4,C
174,Q4,C
175,Q4,C
176,Q4,C
177,Q4,B
178,Q4,C
179,Q4,C
180,Q4,C
181,Q4,C
182,Q4,C
183,Q4,C
184,Q4,C
185,Q4,C
186,Q4,B
187,Q4,C
188,Q4,C
189,Q4,C
190,Q4,C
191,Q4,C
192,Q4,C
193,Q4,C
194,Q4,B
195,Q4,C
196,Q4,B
197,Q4,C
198,Q4,C
199,Q4,C
200,Q4,C
201,Q4,C
202,Q4,C
203,Q4,B
204,Q4,C
205,Q4,C
206,Q4,C
207,Q4,C
208,Q4,C
209,Q4,B
210,Q4,C
211,Q4,C
212,Q4,C
213,Q4,C
214,Q4,C
215,Q4,B
216,Q4,C
217,Q4,B
218,Q4,C
219,Q4,B
220,Q4,B
221,Q4,B
222,Q4,C
223,Q4,C
224,Q4,C
225,Q4,B
226,Q4,C
227,Q4,C
228,Q4,B
229,Q4,B
230,Q4,C
231,Q4,C
232,Q4,C
233,Q4,C
234,Q4,C
235,Q4,B
236,Q4,C
237,Q4,C
238,Q4,C
239,Q4,C
240,Q4,C
241,Q4,B
242,Q4,C
243,Q4,B
244,Q4,C
245,Q4,C
246,Q4,B
247,Q4,B
248,Q4,B
249,Q4,B
250,Q4,B
251,Q4,B
252,Q4,B
253,Q4,B
254,Q4,B
255,Q4,B
256,Q4,A
257,Q4,B
258,Q4,B
259,Q4,B
260,Q4,B
261,Q4,B
262,Q4,A
263,Q4,B
264,Q4,B
265,Q4,B
266,Q4,B
267,Q4,B
268,Q4,B
269,Q4,C
270,Q4,B
271,Q4,B
272,Q4,B
273,Q4,B
274,Q4,B
275,Q4,A
276,Q4,B
277,Q4,B
278,Q4,C
279,Q4,A
280,Q4,B
281,Q4,B
282,Q4,B
283,Q4,B
284,Q4,B
285,Q4,B
286,Q4,C
287,Q4,B
288,Q4,B
289,Q4,A
290,Q4,A
291,Q4,C
292,Q4,B
293,Q4,B
294,Q4,B
295,Q4,B
296,Q4,B
297,Q4,C
298,Q4,B
299,Q4,C
300,Q4,C
301,Q4,A
302,Q4,C
303,Q4,C
304,Q4,A
305,Q4,B
306,Q4,B
307,Q4,C
308,Q4,B
309,Q4,B
310,Q4,B
311,Q4,A
312,Q4,B
313,Q4,B
314,Q4,C
315,Q4,B
316,Q4,B
317,Q4,B
318,Q4,B
319,Q4,B
320,Q4,B
321,Q4,B
322,Q4,B
323,Q4,C
324,Q4,A
325,Q4,B
326,Q4,B
327,Q4,B
328,Q4,B
329,Q4,B
330,Q4,A
331,Q4,B
332,Q4,C
333,Q4,C
334,Q4,A
335,Q4,C
336,Q4,B
337,Q4,B
338,Q4,B
339,Q4,B
340,Q4,B
341,Q4,B
342,Q4,B
343,Q4,B
344,Q4,C
345,Q4,C
346,Q4,B
347,Q4,B
348,Q4,A
349,Q4,C
350,Q4,A
351,Q4,B
352,Q4,B
353,Q4,B
354,Q4,B
355,Q4,B
356,Q4,A
357,Q4,B
358,Q4,B
359,Q4,A
360,Q4,A
361,Q4,B
362,Q4,B
363,Q4,A
364,Q4,B
365,Q4,C
366,Q4,B
367,Q4,C
368,Q4,C
369,Q4,B
370,Q4,C
371,Q4,B
372,Q4,B
373,Q4,B
374,Q4,B
375,Q4,B
376,Q4,B
377,Q4,B
378,Q4,B
379,Q4,B
380,Q4,B
381,Q4,B
382,Q4,B
383,Q4,B
384,Q4,B
385,Q4,B
386,Q4,A
387,Q4,A
388,Q4,C
389,Q4,B
390,Q4,B
391,Q4,B
392,Q4,B
393,Q4,B
394,Q4,C
395,Q4,A
396,Q4,B
397,Q4,A
398,Q4,B
399,Q4,B
400,Q4,C
401,Q4,B
402,Q4,B
403,Q4,B
404,Q4,B
405,Q4,B
406,Q4,C
407,Q4,B
408,Q4,B
409,Q4,B
410,Q4,B
411,Q4,B
412,Q4,B
413,Q4,B
414,Q4,B
415,Q4,A
416,Q4,B
417,Q4,B
418,Q4,B
419,Q4,C
420,Q4,B
421,Q4,B
422,Q4,B
423,Q4,B
424,Q4,B
425,Q4,A
426,Q4,B
427,Q4,A
428,Q4,B
429,Q4,C
430,Q4,B
431,Q4,B
432,Q4,C
433,Q4,A
434,Q4,B
435,Q4,C
436,Q4,B
437,Q4,B
438,Q4,B
439,Q4,B
440,Q4,C
441,Q4,B
442,Q4,B
443,Q4,B
444,Q4,A
445,Q4,B
446,Q4,B
447,Q4,A
448,Q4,B
449,Q4,B
450,Q4,A
451,Q4,A
452,Q4,B
453,Q4,A
454,Q4,B
455,Q4,A
456,Q4,C
457,Q4,B
458,Q4,B
459,Q4,B
460,Q4,B
461,Q4,B
462,Q4,B
463,Q4,A
464,Q4,B
465,Q4,A
466,Q4,B
467,Q4,B
468,Q4,B
469,Q4,B
470,Q4,C
471,Q4,B
472,Q4,B
473,Q4,A
474,Q4,B
475,Q4,B
476,Q4,B
477,Q4,B
478,Q4,A
479,Q4,B
480,Q4,B
481,Q4,B
482,Q4,C
483,Q4,B
484,Q4,A
485,Q4,B
486,Q4,B
487,Q4,C
488,Q4,B
489,Q4,B
490,Q4,B
491,Q4,B
492,Q4,B
493,Q4,B
494,Q4,B
495,Q4,B
496,Q4,B
497,Q4,B
498,Q4,B
499,Q4,B
500,Q4,B
1,Q5,A
2,Q5,C
3,Q5,A
4,Q5,A
5,Q5,A
6,Q5,B
7,Q5,A
8,Q5,A
9,Q5,A
10,Q5,A
11,Q5,A
12,Q5,B
13,Q5,B
14,Q5,A
15,Q5,A
16,Q5,A
17,Q5,A
18,Q5,A
19,Q5,C
20,Q5,A
21,Q5,A
22,Q5,A
23,Q5,C
24,Q5,A
25,Q5,A
26,Q5,A
27,Q5,A
28,Q5,B
29,Q5,A
30,Q5,A
31,Q5,A
32,Q5,A
33,Q5,A
34,Q5,A
35,Q5,A
36,Q5,C
37,Q5,A
38,Q5,A
39,Q5,A
40,Q5,A
41,Q5,A
42,Q5,A
43,Q5,A
44,Q5,B
45,Q5,A
46,Q5,B
47,Q5,C
48,Q5,A
49,Q5,C
50,Q5,B
51,Q5,A
52,Q5,A
53,Q5,A
54,Q5,A
55,Q5,A
56,Q5,A
57,Q5,A
58,Q5,A
59,Q5,A
60,Q5,A
61,Q5,A
62,Q5,B
63,Q5,A
64,Q5,C
65,Q5,A
66,Q5,A
67,Q5,A
68,Q5,B
69,Q5,A
70,Q5,A
71,Q5,B
72,Q5,C
73,Q5,A
74,Q5,C
75,Q5,C
76,Q5,C
77,Q5,A
78,Q5,C
79,Q5,B
80,Q5,C
81,Q5,C
82,Q5,B
83,Q5,C
84,Q5,C
85,Q5,C
86,Q5,B
87,Q5,B
88,Q5,C
89,Q5,C
90,Q5,C
91,Q5,C
92,Q5,C
93,Q5,C
94,Q5,B
95,Q5,B
96,Q5,B
97,Q5,C
98,Q5,C
99,Q5,B
100,Q5,C
101,Q5,C
102,Q5,C
103,Q5,B
104,Q5,C
105,Q5,C
106,Q5,B
107,Q5,C
108,Q5,C
109,Q5,C
110,Q5,C
111,Q5,C
112,Q5,C
113,Q5,C
114,Q5,A
115,Q5,B
116,Q5,C
117,Q5,B
118,Q5,C
119,Q5,A
120,Q5,C
121,Q5,C
122,Q5,A
123,Q5,B
124,Q5,C
125,Q5,C
126,Q5,C
127,Q5,C
128,Q5,A
129,Q5,C
130,Q5,B
131,Q5,B
132,Q5,C
133,Q5,B
134,Q5,A
135,Q5,C
136,Q5,B
137,Q5,B
138,Q5,C
139,Q5,C
140,Q5,B
141,Q5,B
142,Q5,A
143,Q5,C
144,Q5,C
145,Q5,C
146,Q5,C
147,Q5,C
148,Q5,A
149,Q5,C
150,Q5,C
151,Q5,B
152,Q5,C
153,Q5,C
154,Q5,C
155,Q5,B
156,Q5,C
157,Q5,B
158,Q5,C
159,Q5,C
160,Q5,C
161,Q5,C
162,Q5,C
163,Q5,C
164,Q5,C
165,Q5,B
166,Q5,C
167,Q5,C
168,Q5,B
169,Q5,C
170,Q5,A
171,Q5,C
172,Q5,B
173,Q5,B
174,Q5,C
175,Q5,C
176,Q5,B
177,Q5,B
178,Q5,C
179,Q5,C
180,Q5,C
181,Q5,C
182,Q5,C
183,Q5,B
184,Q5,C
185,Q5,C
186,Q5,B
187,Q5,C
188,Q5,C
189,Q5,A
190,Q5,B
191,Q5,C
192,Q5,A
193,Q5,C
194,Q5,B
195,Q5,C
196,Q5,C
197,Q5,C
198,Q5,B
199,Q5,B
200,Q5,C
201,Q5,C
202,Q5,B
203,Q5,C
204,Q5,C
205,Q5,C
206,Q5,C
207,Q5,B
208,Q5,C
209,Q5,C
210,Q5,B
211,Q5,C
212,Q5,C
213,Q5,C
214,Q5,B
215,Q5,B
216,Q5,C
217,Q5,C
218,Q5,B
219,Q5,B
220,Q5,C
221,Q5,B
222,Q5,B
223,Q5,C
224,Q5,B
225,Q5,C
226,Q5,C
227,Q5,C
228,Q5,A
229,Q5,C
230,Q5,C
231,Q5,C
232,Q5,C
233,Q5,A
234,Q5,B
235,Q5,A
236,Q5,B
237,Q5,C
238,Q5,B
239,Q5,C
240,Q5,C
241,Q5,B
242,Q5,B
243,Q5,C
244,Q5,C
245,Q5,C
246,Q5,C
247,Q5,B
248,Q5,B
249,Q5,B
250,Q5,A
251,Q5,B
252,Q5,C
253,Q5,B
254,Q5,B
255,Q5,B
256,Q5,B
257,Q5,B
258,Q5,B
259,Q5,B
260,Q5,B
261,Q5,B
262,Q5,B
263,Q5,C
264,Q5,B
265,Q5,B
266,Q5,C
267,Q5,B
268,Q5,B
269,Q5,B
270,Q5,C
271,Q5,B
272,Q5,B
273,Q5,B
274,Q5,B
275,Q5,C
276,Q5,B
277,Q5,B
278,Q5,C
279,Q5,B
280,Q5,B
281,Q5,B
282,Q5,C
283,Q5,B
284,Q5,B
285,Q5,A
286,Q5,B
287,Q5,B
288,Q5,A
289,Q5,B
290,Q5,B
291,Q5,B
292,Q5,A
293,Q5,B
294,Q5,B
295,Q5,B
296,Q5,B
297,Q5,C
298,Q5,B
299,Q5,B
300,Q5,A
301,Q5,B
302,Q5,B
303,Q5,B
304,Q5,C
305,Q5,B
306,Q5,B
307,Q5,B
308,Q5,B
309,Q5,B
310,Q5,B
311,Q5,B
312,Q5,B
313,Q5,B
314,Q5,A
315,Q5,B
316,Q5,B
317,Q5,B
318,Q5,C
319,Q5,B
320,Q5,B
321,Q5,B
322,Q5,B
323,Q5,B
324,Q5,C
325,Q5,A
326,Q5,B
327,Q5,B
328,Q5,B
329,Q5,B
330,Q5,B
331,Q5,A
332,Q5,B
333,Q5,B
334,Q5,B
335,Q5,B
336,Q5,B
337,Q5,B
338,Q5,B
339,Q5,C
340,Q5,B
341,Q5,B
342,Q5,B
343,Q5,B
344,Q5,B
345,Q5,B
346,Q5,A
347,Q5,B
348,Q5,B
349,Q5,B
350,Q5,B
351,Q5,B
352,Q5,B
353,Q5,B
354,Q5,B
355,Q5,B
356,Q5,A
357,Q5,B
358,Q5,C
359,Q5,B
360,Q5,B
361,Q5,B
362,Q5,B
363,Q5,B
364,Q5,B
365,Q5,B
366,Q5,A
367,Q5,B
368,Q5,B
369,Q5,B
370,Q5,B
371,Q5,B
372,Q5,C
373,Q5,B
374,Q5,B
375,Q5,A
376,Q5,B
377,Q5,B
378,Q5,B
379,Q5,A
380,Q5,A
381,Q5,B
382,Q5,B
383,Q5,C
384,Q5,B
385,Q5,B
386,Q5,C
387,Q5,A
388,Q5,B
389,Q5,B
390,Q5,B
391,Q5,B
392,Q5,B
393,Q5,B
394,Q5,A
395,Q5,B
396,Q5,B
397,Q5,B
398,Q5,B
399,Q5,B
400,Q5,B
401,Q5,B
402,Q5,B
403,Q5,B
404,Q5,B
405,Q5,C
406,Q5,B
407,Q5,B
408,Q5,C
409,Q5,A
410,Q5,B
411,Q5,B
412,Q5,B
413,Q5,B
414,Q5,A
415,Q5,B
416,Q5,B
417,Q5,C
418,Q5,B
419,Q5,B
420,Q5,B
421,Q5,B
422,Q5,B
423,Q5,B
424,Q5,B
425,Q5,B
426,Q5,B
427,Q5,B
428,Q5,B
429,Q5,A
430,Q5,B
431,Q5,B
432,Q5,B
433,Q5,A
434,Q5,B
435,Q5,B
436,Q5,B
437,Q5,B
438,Q5,B
439,Q5,B
440,Q5,B
441,Q5,B
442,Q5,B
443,Q5,B
444,Q5,A
445,Q5,A
446,Q5,B
447,Q5,C
448,Q5,B
449,Q5,B
450,Q5,C
451,Q5,B
452,Q5,B
453,Q5,B
454,Q5,B
455,Q5,B
456,Q5,B
457,Q5,A
458,Q5,B
459,Q5,B
460,Q5,B
461,Q5,B
462,Q5,B
463,Q5,B
464,Q5,B
465,Q5,B
466,Q5,B
467,Q5,B
468,Q5,B
469,Q5,B
470,Q5,B
471,Q5,A
472,Q5,B
473,Q5,B
474,Q5,B
475,Q5,C
476,Q5,C
477,Q5,A
478,Q5,B
479,Q5,B
480,Q5,B
481,Q5,A
482,Q5,B
483,Q5,B
484,Q5,B
485,Q5,B
486,Q5,B
487,Q5,B
488,Q5,C
489,Q5,C
490,Q5,A
491,Q5,B
492,Q5,B
493,Q5,B
494,Q5,B
495,Q5,B
496,Q5,B
497,Q5,B
498,Q5,B
499,Q5,B
500,Q5,B
